Industry_Name,Count_of_Market_Cap_in_US_,Quarter_1,Quarter_2,Quarter_3,Quarter_4,Quarter_1,Quarter_2,Quarter_3,Quarter_4,2018_12_31_00_00_00,2019_12_31_00_00_00,2020_12_31_00_00_00,2021_12_31_00_00_00,2022_12_31_00_00_00,2023_12_31_00_00_00,2019,2020_0,2021_0,2022_0,2023_0
Advertising,80,24986.350000000006,22839.499999999996,19514.749999999996,19153.15,0.06537696999879783,-0.0859209128183992,-0.14557017447842557,-0.23345546668481,28469.860000000004,27248.090000000007,30700.12,33572.29,23453.06,18918.079999999994,-0.04291450678015263,0.12668887984442168,0.0935556603687544,-0.3014161381305833,-0.193364106858551
Aerospace/Defense,6,354.29999999999995,1170.5,1171.67,898.43,-0.18813015582034842,2.3036974315551797,0.0009995728321230413,1.5357888794806662,619.3,358.1,161,224.6,436.4,1291.8700000000001,-0.4217665105764572,-0.5504049148282604,0.39503105590062115,0.9430097951914513,1.9602887259395056
Air Transport,6,23973.9,25365.600000000002,22847.9,21966.6,-0.014417503268296161,0.0580506300601904,-0.09925647333396415,-0.08372855480334873,27239.9,26402.300000000003,23629.6,22176.5,24324.6,23432.9,-0.030749011560248007,-0.10501736591130328,-0.06149490469580521,0.09686379726286831,-0.03665836231633812
Apparel,60,14846.090000000006,13774.529999999999,13639.249999999996,13246.400000000001,0.14695559533402225,-0.07217792698279524,-0.00982102474639801,-0.10775160328409727,14542.28,16557.549999999996,13219.780000000004,14080.689999999999,12943.910000000002,14141.529999999997,0.13858005759757042,-0.20158598343353895,0.06512286891309804,-0.08073325952066246,0.09252382008218496
Auto & Truck,10,311100.1,344753.99999999994,381931.8000000001,378564.2,0.05654321314691191,0.10817707869589221,0.10783863276423244,0.21685656803067577,315943.7,338485.1,345038.00000000006,379968.30000000005,294450.89999999997,379714,0.07134625567783104,0.019359493224369695,0.10123609573438275,-0.2250645645965731,0.2895664438451371
Auto Parts,104,107805.45000000003,118211.16000000003,117656.89999999994,115409.17000000004,0.1242820549668957,0.09652304220241192,-0.004688728204681358,0.07053187014200124,115268.82999999999,121168.92000000001,125819.90000000007,139926.59,95888.26000000004,114833.46999999994,0.05118547659414974,0.03838426553608021,0.1121181148610031,-0.3147245280543174,0.1975759076241439
Bank (Money Center),8,210714.6,231106.9,262697.30000000005,259156,-0.047015901113607095,0.0967768726039866,0.1366917214501171,0.22989104694216733,206677.3,214220.9,175494.3,198234.30000000002,221110.30000000002,268868.50000000006,0.036499412368944384,-0.1807788128982747,0.1295768580518002,0.11539879829070943,0.2159926516313353
Banks (Regional),75,70252.70000000003,70439.90000000005,83245.70000000001,83499.10000000005,-0.06850377622674308,0.002664666269054816,0.18179753236446894,0.18855360719232173,80779.20000000003,79443.2,67562.49999999999,66268.4,75419.20000000001,84371.50000000001,-0.016538911006794166,-0.14954961532264577,-0.019154116558741774,0.13808693132775218,0.11870054309777878
Beverage (Alcoholic),6,35368.49999999999,35213.600000000006,34717.7,34743.4,0.10588422899059147,-0.004379603319337511,-0.014082627166776773,-0.017673918882621265,40504.8,44304.200000000004,44923.2,37036.100000000006,31982.1,36266.399999999994,0.09380122849637584,0.0139715873438635,-0.1755685258396551,-0.13646145247474784,0.13395930848818538
Beverage (Soft),7,17878.899999999998,16971.5,16199.9,15608.2,0.03937424425634806,-0.050752563077146706,-0.04546445511592967,-0.12700445776865454,24735.1,23404.6,21276.800000000003,19524.8,17201.600000000002,17207.2,-0.05378995839919787,-0.09091375199747043,-0.08234320950518892,-0.11898713431123475,0.0003255511115243248
Broadcasting,11,9086,10249.500000000002,10134.9,9775.6,0.1327199740693643,0.12805414924059022,-0.011181033221132952,0.07589698437156067,13723.100000000002,13854.3,11986.5,10088,8021.400000000001,11186.400000000001,0.009560522039480768,-0.13481734912626397,-0.15838651816627036,-0.20485725614591588,0.3945695265165683
Brokerage & Investment Banking,37,33176.1,33252.159999999996,36004.540000000015,35885.37000000002,0.044035271015332,0.002292614261471204,0.0827729687334604,0.08166330581352299,34579.899999999994,38644.99999999999,38285.2,39399.19999999999,31776.8,40522.3,0.11755673093328789,-0.009310389442359845,0.02909740578604758,-0.19346585717476483,0.2752165101583546
Building Materials,61,84172.62000000001,89991.29999999997,75827.42000000004,74403.13999999998,0.12364173003669077,0.06912794207902717,-0.15739165897147767,-0.11606482012797059,62573.09999999998,80211.99999999999,107087.69,108210.74999999999,74910.54999999999,79900.78000000004,0.28189269830006847,0.33505822071510516,0.01048729317067143,-0.3077346751593534,0.06661585050436902
Business & Consumer Services,218,115492.73,118672.58999999995,114427.09000000008,111063.04999999999,-0.06314446840403909,0.027532988440051254,-0.03577489966301295,-0.03835462197490702,103903.27999999997,145193.73,168158.10999999987,197140.59000000003,123276.99000000003,137944.10000000006,0.397393133306283,0.1581637168492045,0.17235255557998475,-0.37467474354215935,0.11897686664802598
Cable TV,1,1129.8,1147.1,1353.1,1350.7,0.057568098848638005,0.015312444680474435,0.17958329700985098,0.19552133120906356,1262,1323.4,1461.3,1066.8,1068.3,1417.9,0.04865293185419972,0.10420129968263558,-0.26996509956887704,0.0014060742407198124,0.3272489001216887
Chemical (Basic),69,56402.899999999994,55725.399999999994,53922.51000000001,53082.219999999994,0.05340252064021134,-0.012011793719826414,-0.0323531100718879,-0.05887427774103815,67573.05,71640.44,71758.59999999998,66763.26999999997,53543.54000000001,56717.749999999985,0.06019248798152521,0.0016493477706163162,-0.0696129801863471,-0.198009025022291,0.05928278182578106
Chemical (Diversified),22,37813.4,37148,36729.4,36129.600000000006,0.054925986062056786,-0.01759693653572547,-0.01126843975449554,-0.04452918806560624,46948.3,45104.8,45996.8,46875.80000000001,35844.6,37892.9,-0.03926659751258299,0.019776165729589845,0.019110025045220747,-0.2353282503978601,0.05714389336190129
Chemical (Specialty),73,145964.9700000001,149566.17000000004,136115.51000000004,138993.2099999999,0.20894677949564988,0.02467167293632122,-0.08993116558376801,-0.04776324072823901,102609.6,130348.35999999991,184983.50000000003,173217.10000000003,120737.29999999996,172976.46999999997,0.2703329902855085,0.41914712237269547,-0.06360783529341807,-0.302971242446618,0.43266803216570215
Coal & Related Energy,1,190.5,233.5,239.7,215.9,0.01545842217484017,0.22572178477690286,0.026552462526766574,0.1333333333333333,243.7,216.6,250.7,333.6,187.6,241.6,-0.11120229790726299,0.15743305632502302,0.3306741124850421,-0.4376498800959233,0.28784648187633266
Computer Services,244,155251.10000000006,163196.78999999992,159213.75999999992,154313.09000000003,0.018805273075612305,0.05117960516865816,-0.02440630112883957,-0.006041889558270674,97648.62999999998,140243.25999999992,183522.66999999995,202359.35999999996,152385.44999999998,178693.99000000002,0.4362030476003602,0.3086024241022354,0.10263958125718209,-0.24695625643409813,0.17264469803383475
Computers/Peripherals,26,65062.87,72018.36,69164.86,69355.24000000002,0.01920600054952626,0.10690413749039962,-0.0396218408750213,0.06597265076071834,72218.56999999999,79198.9,68135.33999999998,83665.32,63836.82,71153.38,0.09665561087681462,-0.13969335432689112,0.22792841424142063,-0.2369978385309469,0.11461347855359971
Construction Supplies,51,61640.5,70368.2,73499.8,70988.09999999999,0.08040769109424595,0.14159035050007707,0.04450305677848809,0.15164705023482927,62918.30000000002,72431.4,78110.50000000003,73823.4,57052.99999999999,73797.99999999999,0.15119766427255632,0.0784066026612773,-0.054885066668374116,-0.22716916316506697,0.29349902722030374
Diversified,15,63998.569999999985,70483.69999999998,71083.60000000002,69076.00000000001,0.05928959804027012,0.10133242039626822,0.00851118769304171,0.07933661642752377,41173.899999999994,62582.9,58474.19999999999,66295.79999999999,60416.5,81141.8,0.5199653178348422,-0.06565211902931967,0.13376155637871068,-0.08868284265368231,0.343040394594192
Drugs (Biotechnology),30,6877.400000000001,6782.099999999999,5747,5333.199999999999,-0.025242718446601753,-0.01385698083578113,-0.15262234411170572,-0.22453252682699876,14595.099999999999,15161,17323.2,10689,7055.499999999999,5779.000000000001,0.0387732869250641,0.14261592243255716,-0.382966195622056,-0.33992889886799527,-0.1809226844305858
Drugs (Pharmaceutical),41,282169.3,276820.80000000005,270238.60000000003,265961.4000000001,-0.010816645329018382,-0.01895493237570478,-0.023777837503540233,-0.057440338123247,238003.1,329259.99999999994,375683.8999999999,296907.1999999999,285254.80000000005,275051.5,0.3834273587192769,0.1409946546801919,-0.2096887835757668,-0.039245932735884614,-0.035769073824524766
Education,36,4750.700000000001,4471.999999999999,4088.1,4025.7000000000003,0.020668170587603507,-0.0586650388363823,-0.0858452593917709,-0.15260908918685678,6174.5,6651.200000000001,6658.200000000001,6381.999999999998,4654.5,4953.4,0.07720463195400451,0.0010524416646620072,-0.04148268300741975,-0.2706831714196175,0.06421742399828112
Electrical Equipment,53,77153.6,84802.64,76334.01,75630.41,0.06551337878483032,0.09914041600132717,-0.09986281087475579,-0.01974230625661022,77464.13,93649.57999999997,131520.00999999998,121271.29999999999,72409.79,77226.09,0.20894122221472022,0.4043844083443835,-0.0779251005227265,-0.40291074640083846,0.06651448650797076
Electronics (Consumer & Office),10,143864.5,150440.8,138715.6,142400.50000000003,0.1488324774189529,0.04571176349968198,-0.07793896336632078,-0.010176242227929566,98394.7,126378.2,167088.00000000003,196777.19999999998,125226.70000000001,152299.39999999997,0.2844004809202121,0.3221267592037236,0.17768600976730786,-0.3636117395714543,0.21618951868890535
Electronics (General),137,279939.21,276887.6499999999,242717.90000000005,243656.78,0.16865309866358902,-0.010900795211932324,-0.12340655135756273,-0.12960824601884113,188533.08999999997,260650.22000000006,348825.2000000001,362815.90000000026,239540.03999999995,276358.0900000001,0.38251709554009916,0.33828853089017175,0.04010805411994345,-0.3397752413827515,0.15370311368404277
Engineering/Construction,157,72730.93999999999,78370.97999999998,82417.65000000001,80396.21999999999,0.022551086472848647,0.07754663971069253,0.051634801555372034,0.10539228559399882,85066.09999999998,94610.29999999999,87265.39999999998,80932.50000000003,71126.95000000001,85715.40999999996,0.11219745586079544,-0.07763319638559452,-0.0725705720709462,-0.12115713712044007,0.20510453491960434
Entertainment,73,118813.19999999998,123594.33000000005,112614.56999999999,111118.43999999999,-0.010505135973803537,0.04024073082788826,-0.08883708500220078,-0.06476351112502643,83674.79999999999,110436.70000000006,165158.70000000013,125341.20000000001,120074.60000000005,125629.37999999999,0.31983225535047666,0.4955055701591957,-0.24108630063084835,-0.04201810737411127,0.046261074365435695
Environmental & Waste Services,36,11995.300000000001,11435.800000000001,10846.800000000001,10580.1,-0.06891054002614272,-0.04664326861354029,-0.05150492313611643,-0.11797954198727845,9425.499999999998,11486.300000000001,10103.600000000002,12742.000000000002,12883.08,11429.300000000001,0.21864092090605314,-0.12037818966943215,0.26113464507700224,0.011072045204834291,-0.11284413354570477
Farming/Agriculture,11,20763.9,19908.46,20105.399999999998,19570.8,0.07307642217936228,-0.04119842611455471,0.009892276951607437,-0.05746030370017208,20670.99,22993.399999999998,29836.15,29512.36,19349.88,20443,0.11235117427854191,0.297596266754808,-0.01085227148945156,-0.34434657208030806,0.05649234000417569
Financial Svcs. (Non-bank & Insurance),47,72919.00000000001,78011.90000000001,79112.65999999997,77874.08000000002,-0.001223148600912105,0.06984325073026221,0.014110154989174228,0.0679532083544756,69964.59999999999,84822.7,89481.29999999999,91324.59999999998,73008.29999999999,84284.1,0.2123659679323544,0.054921618859102406,0.020599834825823837,-0.20056260854140062,0.1544454534621409
Food Processing,121,112330.99999999999,113014.60999999997,113208.73000000004,112226.53000000001,0.03144364647204956,0.00608567537011151,0.001717654027209914,-0.0009300193179084815,125790.40000000004,122360.59999999999,132071.91000000006,123898.50000000006,108906.58,121507.93999999993,-0.027265991681400537,0.07936631562774354,-0.06188605889019094,-0.12100162633123124,0.11570797650610198
Food Wholesalers,37,5910.899999999999,5992.700000000001,6314.869999999998,6111.019999999999,0.02735726079777545,0.013838840108951533,0.05376040849700425,0.033856096364343724,6788.339999999999,7567.029999999999,7422.089999999998,6199.299999999999,5753.499999999997,7222.509999999999,0.11470992908428279,-0.01915414634275281,-0.16475009060790147,-0.07191134482925521,0.2553245850351964
Furn/Home Furnishings,20,10190.35,9095.130000000001,8300.79,8068.54,0.04927402821925053,-0.10747619070983816,-0.0873368495007768,-0.20821757839524646,8554.624,11092.223999999998,13576.380000000001,10890.099999999997,9711.810000000001,8760.390000000001,0.296634895934643,0.22395472720348986,-0.19786423184972757,-0.10819827182486808,-0.09796526085250845
Green & Renewable Energy,9,3561.3,2658.100000000001,2486.7999999999997,2776,-0.16778445072792258,-0.2536152528571025,-0.06444452804634926,-0.22050936455788617,1377,2472.6000000000004,6036.400000000001,5287.900000000001,4279.299999999999,2930.6,0.7956427015250547,1.4413168324840249,-0.1239977470015241,-0.19073734374704532,-0.31516836865842535
Healthcare Products,40,116820.29999999999,121532.10000000003,103543.09999999999,103023.4,0.03250956098569846,0.04033374336480944,-0.14801850704464115,-0.11810361726514995,87620.19999999998,126819.29999999999,171442,173975.59999999998,113142.1,122062.20000000003,0.44737514865293626,0.35186048180363727,0.014778175709569297,-0.34966684983411456,0.07883979526630691
Healthcare Support Services,47,19774.100000000006,20709.8,20707,20067.600000000002,-0.020749662013261783,0.04731947345264742,-0.00013520169195258003,0.014842647705837209,27750.400000000005,27769.499999999993,29200.09999999999,25034.4,20193.100000000002,21819.6,0.0006882783671582349,0.05151695205171136,-0.14266047034085472,-0.19338590100022368,0.08054731566723272
Heathcare Information and Technology,36,25330.099999999995,23113.7,19929.800000000003,19117.700000000004,-0.04269857406868516,-0.08750064152924764,-0.13774947325612075,-0.24525761840655946,11693.800000000001,26702.399999999994,76186.50000000001,44882.700000000004,26459.899999999998,18411.000000000007,1.2834664523080601,1.8531705015279538,-0.4108838179992519,-0.410465502298213,-0.30419238167944673
Homebuilding,51,42768.42,43368.68000000001,43339.379999999976,41686.869999999995,0.08157205743746698,0.01403512217659686,-0.0006756027621783733,-0.025288518958614836,35267.420000000006,45264.400000000016,47971.44,51830.00999999998,39542.83,45106.63000000001,0.2834621869135878,0.05980505651240242,0.0804347336665312,-0.23706690390374197,0.14070313126298784
Hospitals/Healthcare Facilities,9,3282.2,3344.8,2664,2650.2000000000003,-0.05496530477095396,0.019072573274023563,-0.20353982300884965,-0.19255377490707437,209.59999999999997,1069.3000000000002,1590.3,2665.6000000000004,3473.1,3015.9,4.101622137404582,0.4872346394837741,0.6761617304911025,0.3029336734693875,-0.1316403213267685
Hotel/Gaming,33,10188.900000000001,9625.699999999999,9100.5,8475.299999999997,-0.011093640810621697,-0.05527583939385039,-0.0545622656014626,-0.16818302270117513,11043.000000000002,11916.199999999999,9027.4,9838.200000000003,10303.199999999999,9265.3,0.07907271574753216,-0.2424262768332186,0.08981545073886199,0.047264743550649024,-0.10073569376504388
Household Products,43,96901.40000000001,89681.7,83025.89999999998,79478.70000000001,-0.0001258853246602909,-0.07450563149758427,-0.07421580991439747,-0.17979822788938027,129704.49999999997,138482.2,150214.39999999997,113754.30000000002,96913.6,82369.79999999999,0.06767459879957927,0.08471991346180197,-0.24272040496783232,-0.14804451348212777,-0.15006975285202506
Information Services,14,4616.400000000001,4541.900000000001,4412.7,4167.8,0.0047884380985550035,-0.016138116281084858,-0.02844624496356163,-0.09717528810328402,4147.1,6148.3,7978.6,6228.6,4594.4,4914.3,0.48255407393118066,0.29769204495551627,-0.2193367257413581,-0.26237035609928405,0.06962824307853044
Insurance (General),6,862,1127.3,954.3000000000001,1025.7,0.11169862907698058,0.30777262180974474,-0.15346402909607015,0.18990719257540611,434.1,515.17,599.4999999999999,538.1999999999999,775.39,1257.1000000000001,0.18675420410043753,0.163693538055399,-0.10225187656380308,0.44070977331846906,0.6212486619636572
Insurance (Life),5,58582.9,57630.5,63235.299999999996,65219.2,-0.14213270072778927,-0.01625730375246026,0.09725405818099775,0.11328049652714345,85504.6,74688.8,67499.2,65049.7,68289,66396.1,-0.1264937792820503,-0.09626075127730005,-0.03628931898452126,0.04979730882694322,-0.027718959129581555
Insurance (Prop/Cas.),7,67701.4,79887.1,80171.1,79490,-0.08035893785691395,0.17999184654970235,0.003555017017766282,0.17412638438791528,63887.200000000004,73730.6,68341,69200.00000000001,73617.2,87013.7,0.1540746816263665,-0.07309855066959992,0.012569321490759844,0.06383236994219632,0.1819751362453339
Investments & Asset Management,14,2051.9,2575,3081.8999999999996,2932.1,-0.31340137192571527,0.25493445099663714,0.19685436893203878,0.42896827330766585,1638.3000000000002,2088.6,3454.8,3233.9880000000003,2988.5,3144,0.27485808459989003,0.6541223786268315,-0.06391455366446674,-0.07590875414503706,0.052032792370754644
Machinery,229,216154.64999999994,220492.95000000007,197568.0600000001,201434.93000000008,0.1328206969199881,0.020070352407408842,-0.10397107934743466,-0.0680980955070819,186957.56999999998,234518.17999999993,277004.01000000007,257457.90999999995,190811.00000000006,218745.05000000016,0.2543925340920936,0.18116220243564984,-0.07056251640544886,-0.25886526461742776,0.14639643416784187
Metals & Mining,21,21680.7,19395.2,18686.6,18311.699999999997,0.027764873192699824,-0.10541633803336603,-0.036534812737172184,-0.15539166170833985,19121.7,21946.4,24449.1,22117.199999999993,21094.999999999996,20113.1,0.1477222213506122,0.11403692632960283,-0.09537774396603582,-0.0462174235436672,-0.04654657501777659
Office Equipment & Services,26,6670.110000000001,6725.4000000000015,7446.829999999999,7294.4299999999985,0.0049008825505683085,0.008289218618583671,0.10726945609183058,0.0935996557777905,8600.699999999999,8159.2,6794.599999999999,7072.6100000000015,6637.579999999999,7522.7,-0.05133303103235776,-0.16724678890087263,0.04091631589791933,-0.061509117567631,0.1333498052000881
Oil/Gas (Production and Exploration),2,15547,16046.2,21769.800000000003,19874.8,0.009139177733639592,0.032109088570142275,0.35669504306315525,0.2783688171351386,14008.4,16797.6,8895.4,13302.6,15406.2,19015.5,0.19910910596499232,-0.4704362527980187,0.49544708501023016,0.15813450002255203,0.2342758110371148
Oil/Gas Distribution,3,2618.7,3135.5999999999995,3004.7,2936.0000000000005,-0.0063745019920318224,0.19738801695497754,-0.04174639622400811,0.12116699125520314,1774.9,1836.8,3687.9,3029.9,2635.4999999999995,2738.9,0.034875204236858304,1.0077852787456445,-0.17842132378860598,-0.13016931251856512,0.039233542022386825
Oilfield Svcs/Equip.,19,23338.699999999997,22676.399999999998,26180.400000000005,24803.4,-0.008437671270706715,-0.028377758829754796,0.154521881780177,0.06275842270563503,30392.2,30427,24835.5,26068.1,23537.300000000003,28477.000000000004,0.001145030632859756,-0.1837677063134716,0.04963056914497388,-0.09708417567831928,0.20986689212441534
Packaging & Container,30,8769.8,8405.1,8783.9,8695.7,-0.0118290256209167,-0.041585897055805066,0.045067875456567874,-0.00844945152683052,13502.7,11820.599999999999,11433.7,10133.1,8874.779999999999,9190.9,-0.12457508498300351,-0.03273099504255261,-0.11375145403500186,-0.12417917517837596,0.03562003790516499
Paper/Forest Products,15,7996.700000000002,7754.7,8615,8336.3,0.02856738610346521,-0.030262483274350882,0.11093917237288364,0.04246751785111336,10807.499999999998,11691.2,12077.300000000001,10692.1,7774.6,8772.21,0.08176729123294035,0.03302483919529231,-0.11469450953441584,-0.27286501248585404,0.12831656934118785
Power,25,56998.400000000016,62815.399999999994,66935.30000000002,65630.59999999999,0.00048445870516133915,0.10205549629463251,0.0655874196455013,0.15144635638895076,88715.10000000002,78939.3,72210.79999999999,58654.80000000001,56970.80000000001,70928.80000000002,-0.11019319146346018,-0.08523637782448046,-0.1877281514676472,-0.028710352775902392,0.24500270313915218
Precious Metals,2,1235.3000000000002,1088.7,1033.2,1027.4,0.04686440677966108,-0.11867562535416509,-0.050978230917608114,-0.1682991985752449,841.5,1034.1000000000001,1496.9,1472.8,1180,1120.1,0.2288770053475937,0.44753892273474505,-0.01609993987574332,-0.19880499728408474,-0.05076271186440684
Publishing & Newspapers,53,20809.629999999997,21951.469999999998,21519.09000000001,20824.889999999992,0.2135642859350586,0.0548707497442289,-0.019697086345469628,0.000733314335718438,16747.64000000001,22306.840000000015,18205.57,22207.260000000006,17147.530000000002,24023.379999999994,0.3319393060753635,-0.18385705909039618,0.21980580668443817,-0.2278412555173399,0.4009819490037334
R.E.I.T.,54,99661.90000000002,96106.39999999997,93925.2,92965.79999999997,-0.05687147729380426,-0.03567561926874818,-0.022695678955823584,-0.0671881631797111,101209.99999999999,131336.3,122452.09999999998,131094.7,105671.59999999999,99489.3,0.2976612982906828,-0.06764466487939746,0.0705794347340718,-0.19392927402862215,-0.058504839521687835
Real Estate (Development),15,3439.14,3336.6700000000005,3302.71,3232.1200000000003,-0.04602684552588443,-0.02979523950755114,-0.010177812010177978,-0.06019528137848407,2539.83,4275.6,4519.839999999999,4784.13,3605.07,3563.5600000000004,0.6834197564403919,0.05712414631864515,0.058473308789691814,-0.2464523330260674,-0.011514339527387785
Real Estate (General/Diversified),56,84010.1,89189.89,94795.95999999999,94453.11000000002,-0.02092406663908497,0.06165675317610608,0.06285544247223518,0.12430660123009019,107580.12999999998,117635.20000000001,102624.94000000003,98793.09999999999,85805.50000000001,103193.20999999999,0.09346586586203265,-0.1276000720872662,-0.03733829223188867,-0.13146262238962014,0.20264097289800742
Real Estate (Operations & Services),43,19004.700000000004,18250.199999999997,18125.5,17965.100000000002,0.03097587570590865,-0.03970070561492722,-0.006832801832308499,-0.0547022578625288,20951.9,26406.100000000002,22729.899999999998,20285.8,18433.699999999997,20155.050000000007,0.26032006643788863,-0.13921783224330753,-0.10752796976669488,-0.09130031844935882,0.09338060183251384
Recreation,51,116404.2,124789.1,107646.79999999994,105398.49999999999,0.11103454200112584,0.07203262425238965,-0.13737017095243143,-0.09454727578558175,86384.09999999998,106838.99999999999,127204.39999999997,127767.10000000005,104771.00000000003,114685.30000000002,0.23679010373436804,0.19061765834573507,0.004423589121131721,-0.1799845187063024,0.0946282845443871
Restaurant/Dining,107,43677.780000000006,44432.119999999995,45780.23999999998,45787.86000000001,0.08923529950131526,0.017270566406992094,0.030341113590798496,0.04831014763112962,42947.80099999999,49614.743,48126.06000000001,46015.229999999996,40099.49000000001,51208.10700000005,0.15523360555759336,-0.030004851582119296,-0.04386043652856719,-0.12856047878061205,0.27702639110871563
Retail (Automotive),29,9845.519999999999,9317.22,8831.85,8690.539999999999,0.07255982378048365,-0.05365892304317088,-0.052093864908202114,-0.1173102080946461,8682.09,10150.1,10130.710000000001,9540.77,9179.460000000001,10172.050000000001,0.16908486320690064,-0.0019103260066403172,-0.058232838567089606,-0.03787010901635812,0.10813163301544981
Retail (Building Supply),19,19444.2,18129.3,18404.5,17622.7,-0.0669053286240785,-0.06762427870521803,0.015179846988024881,-0.09367832052745806,19924.7,24087.899999999998,32012.1,23784.800000000003,20838.399999999998,21473.6,0.2089466842662624,0.3289701468372088,-0.25700594462718773,-0.12387743432780618,0.030482186732186722
Retail (Distributors),144,244759.86000000007,292395.2899999999,283693.68999999994,280107.9299999996,0.05874713322507974,0.19462108697071412,-0.029759713297707324,0.14441939131685855,176601.63999999984,194493.1799999999,201402.03000000003,226702.91,231178.77000000002,297904.8860000001,0.10131015770861529,0.03552232525582699,0.12562375860858976,0.019743284283382234,0.2886342720830295
Retail (General),42,61205.29999999999,60981.19999999999,65010.10000000001,63140.5,-0.02454678024718926,-0.0036614476197323054,0.06606790289466291,0.03161817685723323,67155.58999999998,71192.16,90199.2,75583.30999999997,62745.5,70238.4,0.0601077289321712,0.266982207029538,-0.16204012895901543,-0.1698497988510952,0.1194173287327378
Retail (Grocery and Food),57,70059.59999999999,67636.69999999998,64587.19999999999,62140.470000000016,0.02510542287669071,-0.03458341183792102,-0.04508646932804228,-0.11303418803418774,67904.29999999999,63580.87000000001,69365.94000000002,75224.35,68343.80000000002,67950.99999999999,-0.06366945834063498,0.09098758793328887,0.08445657912226068,-0.09146705820655132,-0.005747412347572589
Retail (REITs),4,10303,9601.8,9126.4,9022.5,-0.06969814625865689,-0.06805784722896246,-0.049511549917723774,-0.12428418907114436,10398.099999999999,11700,10271.2,12364.199999999999,11074.9,9811.900000000001,0.12520556640155434,-0.12211965811965808,0.20377365838460926,-0.10427686384885393,-0.11404166177572694
Retail (Special Lines),131,139480.8699999999,149843.33000000005,136108.53999999998,140501.16999999993,0.014653829014000808,0.0742930553845853,-0.0916610035294868,0.007314981617192462,125720.21000000004,151137.15000000005,186792.0400000001,137622.96000000002,137466.45999999993,151820.96,0.2021706772522891,0.23591082668953356,-0.26322898984346466,-0.0011371649032987374,0.10442183496978141
Rubber& Tires,6,35422.1,36194.2,35622.2,35659.7,0.12868185931505605,0.021797126652570054,-0.01580363704681964,0.0067076768458109726,36736.4,35139.8,30203.9,38162.7,31383.600000000002,37834.5,-0.04346098147886013,-0.14046465830767396,0.26350239538602604,-0.17763680242750113,0.20555003250105153
Semiconductor,21,49116.40000000001,62663.2,50021.80000000002,50256.899999999994,0.42825072988031154,0.27581011637660713,-0.2017356279283532,0.023220350025653147,18387.999999999996,25934.8,36330.8,49048.70000000001,34389.2,55160.099999999984,0.41041983902545165,0.40085136573252944,0.3500583526924814,-0.2988764228205847,0.6039948588510342
Semiconductor Equip,36,124819.40000000001,146117.7,140646.59999999995,149148,0.21680410451580578,0.1706329304579257,-0.03744310237568793,0.19491040655539105,39711.60000000001,78018.10000000003,118248.20000000001,175451.40000000002,102579.7,194159.79999999996,0.964617391391936,0.5156508553784309,0.4837553552612217,-0.41533837860512945,0.8927702069707746
Shipbuilding & Marine,29,35389.79999999999,34637.399999999994,40008,40533.7,0.012444642795838456,-0.021260363155485296,0.15505205356060237,0.14534979005250137,14833.700000000003,17108.2,18094.399999999998,36403.600000000006,34954.80000000002,46431.6,0.153333288390624,0.05764487204966029,1.011871076134053,-0.03979826171037992,0.3283325895156024
Shoe,3,5230.8,5662.3,6470.3,6090.6,0.27242209735094525,0.08249216181081298,0.14269819684580476,0.16437256251433818,2483.0699999999997,3131.98,3577.8,4123.1,4110.9,5799.7699999999995,0.26133375216969323,0.1423444594154497,0.15241209681927437,-0.0029589386626569514,0.41082731275389817
Software (Entertainment),73,31381.489999999998,28174.15999999999,29917.09,28921.97,0.0684067910403805,-0.10220451610168957,0.061862713919421664,-0.0783748636537015,24748.499999999996,36454.5,47819.200000000004,59455.829999999994,29372.230000000003,36216.13999999999,0.4729983635371844,0.31175026402776074,0.24334639642653966,-0.5059823401674822,0.23300614219621685
Software (Internet),26,5049.7,5145.399999999999,4385.999999999999,4147.8,0.015055881643483371,0.018951620888369325,-0.14758813697671702,-0.17860466958433163,3211.4,5024.199999999999,11027.2,6553.700000000001,4974.799999999999,4959.300000000001,0.5644890079093225,1.1948170853071143,-0.4056786854323854,-0.24091734440087298,-0.0031157031438445726
Software (System & Application),176,50598.20000000002,52162.930000000015,46925.229999999996,45684.809999999976,0.08932831478144121,0.030924617871781912,-0.10041038722326401,-0.09710602353443487,38612.569999999985,55919.09999999998,79867.6,64486.17999999999,46448.990000000005,53503.130000000005,0.4482097410247492,0.4282704836093578,-0.19258648062543526,-0.2797062874556997,0.15186853363227049
Steel,42,46999.100000000006,46058.52000000001,52042.280000000006,49223.189999999995,0.24654772605448705,-0.020012723647899522,0.1299164627955911,0.04732196999516991,41341.650000000016,38694.29999999999,32549.840000000007,38165.69999999999,37703.409999999996,54024.90000000001,-0.06403590567865647,-0.15879496463303333,0.1725311092158972,-0.012112708531482275,0.43289161378241414
Telecom (Wireless),7,179449.4,186833.5,183169.19999999998,183679.5,-0.020129859847250242,0.04114864691662379,-0.01961264976570054,0.023572661708537446,189044.5,224353.9,269951.1,206889.8,183135.90000000002,195040.69999999998,0.18677824533377052,0.20323783094477066,-0.2336026784110159,-0.11481426343879675,0.06500527750157103
Telecom. Equipment,16,1285.5999999999997,1262.3399999999997,1331.89,1328.97,0.024823430001753355,-0.01809271935283141,0.055096091385839374,0.03373522090852554,1439.0999999999997,1950.4,1855.8999999999999,1534.1,1254.46,1395.05,0.3552915016329654,-0.0484515996718623,-0.17339296298291929,-0.1822827716576494,0.1120721266521052
Telecom. Services,20,109220.4,108248.89999999998,107734.09999999998,106726.09999999999,0.03502409393079331,-0.008894858469663314,-0.004755706524500525,-0.02283730878114343,81300.19999999998,97406.5,102454.40000000001,106198.89999999998,105524.5,111044.49999999999,0.19810898374173758,0.051823030290586436,0.03654796670518756,-0.00635034826161085,0.05231012703211091
Tobacco,1,37360.9,38704.2,40881.2,40404.6,0.04320425760046476,0.03595470130537537,0.05624712563494394,0.08146752353396192,42465.2,39639.7,36101.2,35793.7,35813.6,45905.2,-0.06653683486713824,-0.08926656861681592,-0.00851772240257942,0.0005559637589855893,0.2817812227757053
Transportation,33,32741.700000000004,31397.7,29725.90000000001,29024.9,0.06394725383280608,-0.041048571088245334,-0.05324593839676128,-0.11351884599761164,35689.5,32979.9,47236.6,41474,30773.8,31991.4,-0.07592148951372246,0.43228451268803103,-0.12199438570938637,-0.25799778174277865,0.0395661244305221
Transportation (Railroads),20,112490.90000000001,116031.70000000001,114060.8,106912.9,-0.021211411944971004,0.03147632386264143,-0.016985875411633322,-0.04958623319752986,168841.6,182286.30000000002,143610.69999999998,118963.10000000002,114928.7,119828.10000000002,0.07962907245607731,-0.21216953769976143,-0.17162788009528518,-0.03391303689967751,0.04262990880432849
Trucking,20,6891.000000000002,7603.099999999999,7588.199999999999,7540.600000000002,0.1410829607550923,0.10333768683790412,-0.001959726953479568,0.09426788564794664,9126.699999999999,9698,9427.300000000001,7402.300000000001,6038.999999999999,8152.2,0.06259655735369862,-0.02791297174675178,-0.21480169295556517,-0.1841724869297383,0.3499254843517141
Total Market,4020,5486076.319999993,5732719.830000008,5620165.880000003,5565422.850000001,0.044078286161761016,0.04495808946384039,-0.019633603828151047,0.014463256683240555,5032976.884999998,5893040.076999993,6564869.370000002,6439332.468000001,5254468.359999994,6060759.913000005,0.17088558355260464,0.114003856111907,-0.01912252855687835,-0.18400418271430163,0.15344874072093795
Total Market (without financials),3821,4969815.719999993,5178689.070000007,5011663.080000003,4960341.300000001,0.0557265979852033,0.042028389334326066,-0.032252561940352975,-0.0019063926177110835,4489511.684999998,5324885.106999992,6054151.570000002,5906084.080000001,4707483.669999994,5424902.6130000055,0.18607222357635878,0.1369544033994894,-0.024457182528055066,-0.20294333669560738,0.1523996668479175
