Industry_Name,Number_of_Firms,Beta,ROE,Cost_of_Equity,_ROE_COE_,BV_of_Equity,Equity_EVA_US_millions_,ROC,Cost_of_Capital,_ROC_WACC_,BV_of_Capital,EVA_US_millions_,E_D_E_,Std_Dev_in_Stock,Cost_of_Debt,Tax_Rate,After_tax_Cost_of_Debt,D_D_E_
Advertising,57,1.3723256229214125,0.032541006196152036,0.10192697865438498,-0.06938597245823294,11509.723999999998,-798.6133924658626,0.3151511149045307,0.08633158509130047,0.22881952981323023,12877.357871616488,2946.590973419984,0.7475819152029042,0.5641442530150431,0.053524,0.05438041996417136,0.040143,0.25241808479709577
Aerospace/Defense,70,1.0764050153356324,0.13191483651952815,0.08831463070543909,0.04360020581408906,145775.301,6355.833126210783,0.16167717664340658,0.07813355986817368,0.0835436167752329,195266.1836785369,16313.243218401925,0.7970822237983712,0.36402149671230677,0.050855,0.0727529390842114,0.03814125,0.20291777620162876
Air Transport,25,1.2668401714816373,0.219363538879951,0.09707464788815531,0.12228889099179568,29166.652,3566.7575270236393,0.1092325173386668,0.06062196095222791,0.048610556386438894,128863.30251617165,6264.116833105095,0.38145960962393743,0.4465099892190103,0.050855,0.08621039666461035,0.03814125,0.6185403903760626
Apparel,38,1.1946998769689117,0.09204171598277805,0.09375619434056993,-0.0017144783577918848,24506.865999999995,-42.016491374305765,0.15293487788906657,0.07552631069684605,0.07740856719222051,40386.77670941678,3126.282518588095,0.6722124986390472,0.37035509904588476,0.050855,0.10192862402659153,0.03814125,0.3277875013609528
Auto & Truck,34,1.5223779065768546,0.09370908108633746,0.10882938370253531,-0.015120302616197845,175725.584,-2657.0240074880944,0.05186632508660861,0.09256758422542409,-0.04070125913881548,444826.2386933137,-18104.98801280115,0.7632456594666963,0.59698514250326,0.053524,0.031169075211201127,0.040143,0.23675434053330363
Auto Parts,39,1.3444265903808044,0.05723613672909091,0.100643623157517,-0.04340748642842609,27180.346000000005,-1179.8305001149256,0.10156047044070848,0.08328904447811177,0.01827142596259672,47964.9159130818,876.3874099080513,0.7223372841272981,0.3707196400160045,0.050855,0.14615612198755554,0.03814125,0.2776627158727018
Bank (Money Center),15,1.0613761697933088,0.148740347323159,0.08762330381049221,0.06111704351266678,964162.6,58926.76757748593,0.00017809965864835952,0.05081181950491864,-0.050633719846270284,1742482.2810680973,-88228.35965669203,0.3162933913748922,0.22510527234137442,0.045043,0.1768572683971302,0.03378225,0.6837066086251078
Banks (Regional),625,0.4611581340936746,0.1214259211695359,0.06001327416830903,0.061412647001226874,469738.44999999984,28847.88161275345,-0.0005337495814512601,0.04677137344346035,-0.04730512302491161,523503.77063386084,-24764.410273839898,0.49518171155334223,0.1867735328629955,0.045043,0.17694013741619696,0.03378225,0.5048182884466578
Beverage (Alcoholic),19,1.131834912668812,0.0869908980857384,0.09086440598276535,-0.003873507897026951,28920.289999999997,-112.02297169930955,0.16670846804136458,0.08050113083311888,0.0862073372082457,32663.676369504265,2815.8485632468605,0.8034397797993331,0.4970414041193621,0.050855,0.10420025692940119,0.03814125,0.19656022020066688
Beverage (Soft),29,0.7641458754245853,0.30557353679830446,0.07395071026953093,0.23162282652877353,76558.174,17732.62065576166,0.3065163030779624,0.0687168756429393,0.2377994274350231,100594.22780126586,23921.249774409305,0.8538421247570455,0.42961071148670704,0.050855,0.06675054463698489,0.03814125,0.1461578752429545
Broadcasting,22,1.0609243999049403,-0.021565149058570276,0.08760252239562726,-0.10916767145419753,47695.01,-5206.753181684666,0.12063888924002568,0.05603594331400262,0.06460294592602306,65469.70900173331,4229.536070431443,0.36179201317078624,0.38457133667076027,0.050855,0.07854904314177259,0.03814125,0.6382079868292138
Brokerage & Investment Banking,27,1.120326193984736,0.10413110832014963,0.09033500492329785,0.013796103396851778,272407.91399999993,3758.167747664706,0.001307446941021954,0.054148674889421655,-0.052841227948399704,816085.6850813427,-43122.969710809164,0.30669234112291055,0.25213732428210645,0.050855,0.16840414602423662,0.03814125,0.6933076588770894
Building Materials,44,1.3177985305249351,0.21354650605206582,0.09941873240414702,0.1141277736479188,48590.01999999999,5545.470804107847,0.252670574449478,0.09000582287201073,0.16266475157746726,56707.55349701978,9224.320102158657,0.8463887685519655,0.28715879840268466,0.050855,0.19935747379008123,0.03814125,0.15361123144803443
Business & Consumer Services,162,1.022101721640971,0.1399754737551486,0.08581667919548466,0.054158794559663936,97425.43199999997,5276.443956574507,0.27452359974428153,0.07856495724643378,0.19595864249784775,91970.3672538333,18022.388317089684,0.8478939346446894,0.41290054994468384,0.050855,0.10838486587183108,0.03814125,0.15210606535531057
Cable TV,10,1.2767983158980267,0.19466771140821634,0.09753272253130923,0.09713498887690711,121752.6,11826.43744673452,0.11311872163563386,0.06758397653579118,0.04553474509984268,285340.30788026843,12992.898186038654,0.4957399653674177,0.3300530419558696,0.050855,0.23715496806034392,0.03814125,0.5042600346325823
Chemical (Basic),32,1.096267077331708,0.08894604157698592,0.08922828555725856,-0.0002822439802726423,51211.74500000002,-14.454206745507593,0.11808931523559212,0.07321012044110661,0.0448791947944855,79890.34823641177,3585.414500701205,0.6864534232330093,0.389245235426506,0.050855,0.08933239288225833,0.03814125,0.31354657676699077
Chemical (Diversified),4,1.133279731139076,-0.02360500422508987,0.0909308676323975,-0.11453587185748737,5585.68,-639.7607287169301,0.015720852535763625,0.06928033459211429,-0.053559482056350666,10217.075734856473,-547.221284489421,0.5898713798033637,0.37242278384437877,0.050855,0.14892889699179582,0.03814125,0.4101286201966363
Chemical (Specialty),68,1.0873832852797658,0.1494327338476946,0.08881963112286922,0.06061310272482537,160635.70800000004,9736.628670279055,0.13505275648152232,0.07810173529617936,0.056951021185342954,189718.83184473828,10804.681211648207,0.7885114798615127,0.36600539277751015,0.050855,0.10395775946098325,0.03814125,0.21148852013848732
Coal & Related Energy,18,1.2707580825145446,0.29069215958320355,0.09725487179566905,0.1934372877875345,5650.719999999999,1093.0599508467767,0.29497550992564786,0.08674810591202373,0.20822740401362413,7051.874372215972,1468.393493956737,0.8160318414841015,0.5569225989970031,0.053524,0.026193822905913572,0.040143,0.18396815851589854
Computer Services,72,0.9973235378280684,0.18772570752648005,0.08467688274009114,0.10304882478638891,68954.557,7105.686062516067,0.24167411086330845,0.07417563522879664,0.1674984756345118,82057.55248306901,13744.51495521301,0.7743396427003447,0.49612772702274627,0.050855,0.07782325277747641,0.03814125,0.22566035729965525
Computers/Peripherals,36,1.1329223650294353,-1.234289008499134e-05,0.09091442879135403,-0.09092677168143902,84323.97,-7667.306367462514,0.37798197124632166,0.08788432760842899,0.2900976436378927,312765.99998346734,90732.67960525306,0.9425825532529513,0.38898164531276785,0.050855,0.08669928700923583,0.03814125,0.05741744674704877
Construction Supplies,45,1.1279620532844743,0.27112218233648655,0.09068625445108582,0.18043592788540075,77508.63399999998,13985.342294919916,0.20159249439191199,0.08027788442017579,0.1213146099717362,134689.6207828022,16339.818812506703,0.80191513656452,0.37831296869001413,0.050855,0.14907547126563633,0.03814125,0.19808486343548007
Diversified,23,1.1948544445210565,0.15867710900985088,0.0937633044479686,0.06491380456188228,527487.484,34241.219445215014,0.20395197737613438,0.0851442652580404,0.11880771211809397,566420.6122386754,67295.13703660708,0.8392579214410871,0.5225050340018127,0.053524,0.05252047509215579,0.040143,0.1607420785589129
Drugs (Biotechnology),572,1.1233547439492362,-0.11590040227481527,0.09047431822166487,-0.20637472049648015,193793.14100000015,-39994.00530801,0.015551579144381567,0.08338652730105696,-0.06783494815667539,464730.8131044968,-31524.99061375314,0.8591773239597567,0.6198094773831897,0.053524,0.008144695033783985,0.040143,0.14082267604024337
Drugs (Pharmaceutical),245,1.0269619624933468,0.17320808107952249,0.08604025027469395,0.08716783080482854,321589.95500000013,28032.298785972434,0.1337527062215693,0.08045603140384625,0.053296674817723044,569991.9574154756,30378.676003090044,0.8617117249978767,0.6530341383257241,0.060879,0.028902976717007978,0.04565925,0.1382882750021232
Education,31,1.2251855531141391,0.016746880536467494,0.0951585354432504,-0.0784116549067829,15229.701999999997,-1194.1861375571411,0.05928030828162614,0.0858173309715238,-0.02653702268989766,15271.967591622863,-405.2725504982776,0.8361689021301455,0.43781301036597053,0.050855,0.11152718346776205,0.03814125,0.16383109786985448
Electrical Equipment,103,1.2410543592858396,0.23703235618633814,0.09588850052714862,0.14114385565918952,60196.40200000002,8496.35227509055,0.13265964322266596,0.08606636921867376,0.0465932740039922,63964.338928500816,2980.3079701798633,0.8238040520653075,0.5442389893824032,0.053524,0.05664653541837301,0.040143,0.17619594793469248
Electronics (Consumer & Office),13,1.29517877665579,-0.06626800138724744,0.09837822372616634,-0.16464622511341376,2969.9099999999994,-488.9844704265786,0.009542635546224023,0.08904933447437148,-0.07950669892814746,3862.6772748588,-307.1087191487957,0.845130180440282,0.3942415498208712,0.050855,0.07307961465102951,0.03814125,0.15486981955971799
Electronics (General),129,0.9339545990672654,0.08797660106927524,0.08176191155709421,0.006214689512181029,72980.08699999998,453.548581276959,0.15114383953059968,0.07536108515272855,0.07578275437787113,81592.19108678924,6183.280976282475,0.8532615926517355,0.4294264362055603,0.050855,0.08174577375421627,0.03814125,0.14673840734826454
Engineering/Construction,43,0.9606439454908486,0.06411400934520678,0.08298962149257905,-0.018875612147372267,35451.971,-669.1776544558893,0.12584190576281387,0.07367746430176464,0.05216444146104923,43830.23165532001,2286.3795534081673,0.7923635378297904,0.3368374054652199,0.050855,0.14267200926568505,0.03814125,0.20763646217020956
Entertainment,98,0.9945594291517039,-0.0027275543810870717,0.08454973374097838,-0.08727728812206545,197999.35199999996,-17280.846492486253,0.07557891173918209,0.07463488276352676,0.0009440289756553338,216181.11517309304,204.08123671288277,0.776726407411896,0.6118583017241714,0.053524,0.0324828338528459,0.040143,0.22327359258810395
Environmental & Waste Services,57,0.9069990344697701,0.2101163487107984,0.08052195558560943,0.12959439312518897,27942.295000000006,3621.164763050003,0.2994248396119106,0.07289474103587697,0.22653009857603362,31694.279304068677,7179.70821504702,0.8200309682356417,0.4606641855124769,0.050855,0.054191743539848326,0.03814125,0.17996903176435833
Farming/Agriculture,42,0.9916245080726602,0.2751209698375531,0.08441472737134237,0.1907062424662107,67383.326,12850.42090633572,0.17930588293067248,0.07061153986768859,0.1086943430629839,142202.78418544872,15456.638208764623,0.6882166492426327,0.5413972223878111,0.053524,0.06683606475914719,0.040143,0.3117833507573673
Financial Svcs. (Non-bank & Insurance),172,1.1435084926002885,0.22361139419471984,0.09140139065961328,0.13221000353510656,363673.4759999999,48081.27154758448,0.008800023323033083,0.049871016476855864,-0.04107099315382278,8121027.753323416,-333538.67525875085,0.22023536422521028,0.38661906483318564,0.050855,0.11074192729500128,0.03814125,0.7797646357747897
Food Processing,82,0.6057177351430681,0.10101697021572027,0.06666301581658113,0.034353954399139144,170785.63100000002,5867.161779402206,0.17232732992047894,0.0594732838386618,0.11285404608181715,167062.4603893587,18853.674603322437,0.7479212183370647,0.36509661152078565,0.050855,0.08289352511901311,0.03814125,0.2520787816629353
Food Wholesalers,14,0.9657109707728366,0.21114375328629606,0.08322270465555048,0.12792104863074558,13084.639999999998,1673.8008697557984,0.14961754390226162,0.06931042285276451,0.08030712104949711,28413.050462071224,2281.7702828430233,0.6913967859048872,0.2730341205580487,0.050855,0.15895060357386712,0.03814125,0.3086032140951128
Furn/Home Furnishings,31,1.1071062452097284,-0.06526279080199633,0.0897268872796475,-0.15498967808164382,20731.89,-3213.228957124051,0.1031461588962982,0.07310286802099338,0.03004329087530483,30825.884686783073,926.1110201336287,0.6777393837642297,0.46652480430214993,0.050855,0.1394446654363433,0.03814125,0.3222606162357703
Green & Renewable Energy,17,1.1067077196296322,0.10675101428653834,0.08970855510296308,0.017042459183575262,10401.4,177.26543495203973,0.041502730750869,0.060675004825720386,-0.019172274074851385,36493.97521494128,-699.6724949016877,0.4142393802121054,0.5733620520250774,0.053524,0.04386663515230301,0.040143,0.5857606197878946
Healthcare Products,230,1.062079895442844,0.08305797928561881,0.08765567519037082,-0.004597695904752008,218029.299,-1002.4324151282511,0.13081181602888342,0.08231537890171181,0.04849643712717161,223053.43729870004,10817.296997955922,0.8876027024944009,0.5220553450431473,0.053524,0.04814413028192323,0.040143,0.11239729750559911
Healthcare Support Services,119,1.0326229061406076,0.15620310034184115,0.08630065368246795,0.0699024466593732,321931.98400000005,22503.833339506193,0.45741028306204884,0.07610278893641609,0.38130749412563275,173150.60309775895,66023.62257354849,0.7882476948159491,0.495257334489641,0.050855,0.08084279036031781,0.03814125,0.2117523051840508
Heathcare Information and Technology,128,1.2747542568245518,0.0517765805634577,0.09743869581392939,-0.04566211525047169,171575.33200000005,-7834.492583921946,0.14281217248637942,0.08950608681068283,0.0533060856756966,149060.59318979588,7945.836751445416,0.8615496523681622,0.5415316524692178,0.053524,0.031110902999087604,0.040143,0.13845034763183783
Homebuilding,32,1.3695349346617718,0.2288315257494398,0.1017986069944415,0.12703291875499828,91679.47,11646.310664011302,0.20906182388989658,0.09282033672064799,0.11624148716924859,110375.0578383326,12830.16086951961,0.8589594243666528,0.3231388378117894,0.050855,0.17220642195530883,0.03814125,0.14104057563334713
Hospitals/Healthcare Facilities,32,0.879576324903561,0.6196567951123925,0.0792605109455638,0.5403962841668286,11469.825000000003,6198.250810043796,0.20156640226109454,0.06101793553300139,0.14054846672809315,74021.77494026028,10403.646972345572,0.5563496280559845,0.46328064944317854,0.050855,0.06856576801719477,0.03814125,0.44365037194401546
Hotel/Gaming,68,1.3434280675321946,0.3586909891606898,0.10059769110648095,0.2580932980542089,54485.20200000001,14062.26547932978,0.09988621756233888,0.08015150051644798,0.0197347170458909,240249.2668471564,4741.251301711369,0.6726327945075419,0.4079972106407317,0.050855,0.08627990054597084,0.03814125,0.32736720549245807
Household Products,93,0.8434441780824564,0.26982900687477657,0.077598432191793,0.19223057468298357,88515.31300000002,17015.349486234172,0.3117119490495866,0.07227827771017822,0.23943367133940838,108061.52651235464,25873.568023393887,0.8579604033302146,0.5111810512741538,0.053524,0.08210278872136328,0.040143,0.1420395966697854
Information Services,18,0.9307433698849299,0.08428916780703317,0.08161419501470678,0.0026749727923263966,14870.949999999999,39.77938664604623,0.22740740434639165,0.07018523190235645,0.1572221724440352,16448.74735303126,2586.107792826648,0.7371017052448612,0.3382873796265951,0.050855,0.15792605530081147,0.03814125,0.26289829475513876
Insurance (General),21,1.0331486323510635,0.13524697097521135,0.08632483708814892,0.04892213388706243,69638.75,3406.876251227669,0.15653546538570912,0.07640266607898921,0.0801327993067199,89243.68027314275,7151.345920720826,0.7940757089959347,0.40381703602170393,0.050855,0.13691324211870914,0.03814125,0.20592429100406523
Insurance (Life),23,0.7657608653274894,0.013240127450855269,0.07402499980506452,-0.060784872354209256,117535.5,-7144.380364588162,0.0010816809572142688,0.0568067635541461,-0.05572508259693183,230837.17044180763,-12863.420389311761,0.5201661937658395,0.30849684925039994,0.050855,0.10180425412245848,0.03814125,0.47983380623416055
Insurance (Prop/Cas.),50,0.7387577603373708,0.10356883343367865,0.07278285697551906,0.030785976458159586,154134.4,4745.178009792553,0.11118635097908262,0.06715864763210716,0.044027703346975464,188262.06402943347,8288.746306577197,0.8376458301317694,0.2740417784199851,0.050855,0.12420210692099873,0.03814125,0.1623541698682306
Investments & Asset Management,334,0.45700546948270204,0.13783634813168708,0.059822251596204294,0.07801409653548277,196474.44499999998,15327.7763189854,0.061639717527291187,0.052337684983253974,0.009302032544037213,288325.1069567258,2682.009528174474,0.7125742644331745,0.15150889761067693,0.045043,0.11332978400021217,0.03378225,0.28742573556682555
Machinery,103,1.0260564286029479,0.19022656097823037,0.08599859571573559,0.10422796526249478,96084.68400000004,10014.711106209792,0.24909385325604075,0.07909230901965258,0.17000154423638816,99932.03829131013,16988.600828212595,0.8556901434294921,0.3344421407862324,0.050855,0.11725297212399345,0.03814125,0.14430985657050793
Metals & Mining,68,0.962478409539915,0.12165895420384185,0.08307400683883609,0.038584947365005756,32171.738,1241.3448173707557,0.2402669710602103,0.07720990923388173,0.16305706182632856,43185.77984593273,7041.746374356468,0.8634064738577336,0.605593652790272,0.053524,0.019958935953063753,0.040143,0.1365935261422664
Office Equipment & Services,17,1.1394185236914496,0.026638000470444,0.09121325208980668,-0.06457525161936269,5611.72,-362.37823101741,0.12926389341779917,0.07292631690141482,0.05633757651638435,8956.637986834587,504.59527791284825,0.6554315935274626,0.3028006279393898,0.050855,0.17122271667535216,0.03814125,0.34456840647253745
Oil/Gas (Integrated),4,0.6706515844468459,0.19851813516763073,0.0696499728845549,0.12886816228307582,364041.3,46913.33332614189,0.17039770081786265,0.06614833837942029,0.10424936243844236,425338.5799401322,44341.27577923123,0.8888677742362239,0.26444809223182186,0.050855,0.21180044461142553,0.03814125,0.11113222576377609
Oil/Gas (Production and Exploration),166,0.9298987386959587,0.31094799857184063,0.0815753419800141,0.22937265659182654,236892.34000000003,54336.62535205422,0.28405709355869363,0.07337314094030123,0.2106839526183924,326418.6755224189,68771.1767675237,0.8111575339600272,0.46310335310672146,0.050855,0.05613043921044615,0.03814125,0.18884246603997282
Oil/Gas Distribution,24,0.790752151008787,0.42406084058617804,0.07517459894640421,0.34888624163977383,57495.83000000001,20059.50403865936,0.20602082553480802,0.05989756589613192,0.14612325963867612,173972.0126692076,25421.357577125673,0.5874790294450098,0.3254754733249822,0.050855,0.09250754845249437,0.03814125,0.4125209705549901
Oilfield Svcs/Equip.,100,0.9795500315745983,0.296469137164352,0.08385930145243152,0.2126098357119205,157516.11599999998,33489.475544739806,0.2802140695692729,0.07273943920145498,0.20747463036781794,211366.44058075128,43853.174131652726,0.7567730492069095,0.43728736432048126,0.050855,0.10878176070621855,0.03814125,0.2432269507930905
Packaging & Container,22,1.1327220379604754,0.08543065693073756,0.09090521374618188,-0.005474556815444315,49084.58099999999,-268.71632744677845,0.14213647578465585,0.07086102263993198,0.07127545314472387,84525.26117167753,6024.57629218745,0.620115895714898,0.2624270896574677,0.050855,0.18119104439939457,0.03814125,0.37988410428510205
Paper/Forest Products,7,1.9382231536190784,0.1516544447144206,0.12795826506647762,0.02369617964794299,2510.5099999999998,59.489495967957346,0.18901373691463047,0.10352473153234908,0.0854890053822814,4607.866797679239,393.92194946763624,0.7279631981084633,0.43036486711913036,0.050855,0.12914141300012244,0.03814125,0.27203680189153673
Power,50,0.6506274182981785,0.08603363410590081,0.0687288612417162,0.01730477286418461,381419.98000000004,6600.386119761837,0.05783880879545163,0.05189644229561903,0.0059423664998325965,937367.7595907033,5570.18277261493,0.518339022067922,0.20394370124554315,0.045043,0.13685656820612682,0.03378225,0.48166097793207796
Precious Metals,61,0.8689509398150602,-0.023341970007055318,0.07877174323149277,-0.10211371323854809,36643.35099999999,-3741.7886361134633,0.04692969329686256,0.07367313968463768,-0.02674344638777512,39758.84368472923,-1063.2885045224878,0.8680101105982043,0.6360947392798966,0.053524,0.019845620463018968,0.040143,0.13198988940179562
Publishing & Newspapers,21,0.9611136476182338,0.03396787791067467,0.08301122779043876,-0.049043349879764095,14307.164000000002,-701.6712498391653,0.13864542842203184,0.07201162483142261,0.06663380359060923,13309.227539892943,886.8444538359537,0.7548560641061866,0.3820331725274816,0.050855,0.10006910172606927,0.03814125,0.24514393589381342
R.E.I.T.,193,1.0315825268097811,0.04572271115802798,0.08625279623324994,-0.04053008507522196,510121.50000000035,-20675.267793699855,0.02981217511772447,0.06308888005999957,-0.03327670494227511,1324719.214081209,-44082.290418342964,0.5585348764947358,0.23718238142541787,0.045043,0.019522759465031115,0.03378225,0.4414651235052642
Real Estate (Development),17,0.6685940614079962,-0.08538037893418758,0.06955532682476782,-0.1549357057589554,5187.761,-803.7694118437843,0.029287042485061747,0.054325937012590225,-0.02503889452752848,10173.267761602825,-254.72737848307887,0.515204922394209,0.3424003701471713,0.050855,0.014520067954979827,0.03814125,0.484795077605791
Real Estate (General/Diversified),11,0.5635722376636395,0.09109205615781056,0.06472432293252742,0.026367733225283144,2250.7999999999997,59.34849394346729,0.05312220372276945,0.058298803382405284,-0.005176599659635836,3254.923628918087,-16.84943654959801,0.7582852980755366,0.35907096541478567,0.050855,0.13211625694171472,0.03814125,0.24171470192446345
Real Estate (Operations & Services),60,1.0801188936162607,-0.08269945359431624,0.088485469106348,-0.17118492270066424,36083.08,-6176.879260601884,0.0006711915964746503,0.07296578210632138,-0.07229459050984673,65689.24655264299,-4748.977180423685,0.6917285186757477,0.4419222889349552,0.050855,0.04293073994602836,0.03814125,0.3082714813242523
Recreation,55,1.17128693009822,0.025626629604530146,0.09267919878451812,-0.06705256917998798,21765.25,-1459.4159313447333,0.09536754171130633,0.07253385230484759,0.022833689406458746,48130.41236438799,1098.994886933217,0.6306178188096934,0.4429522114939097,0.050855,0.08261804908344136,0.03814125,0.3693821811903066
Reinsurance,1,0.6551440260520247,0.3123460169723515,0.06893662519839314,0.24340939177395834,3653,889.1745081502698,0.30116910073399067,0.05844569534382253,0.24272340539016812,4433.310891729059,1076.0683167938002,0.7015754142872626,0.17094029032718663,0.045043,0.2295302013422819,0.03378225,0.2984245857127374
Retail (Automotive),30,1.4944959500823904,0.4732854552615435,0.10754681370378996,0.3657386415577535,24039.675999999996,8792.238443728527,0.13195481158300898,0.08220458844986592,0.04975022313314306,98664.70011830995,4908.590846250567,0.6348675250001579,0.46787574959813977,0.050855,0.13496183038859538,0.03814125,0.3651324749998421
Retail (Distributors),62,1.106042693037566,0.2545162298582571,0.08967796387972804,0.16483826597852907,57614.428,9497.062406864812,0.186085879254954,0.07709841418627789,0.10898746506867613,106942.66427015982,11655.409886495201,0.7559109080410669,0.37735750438183585,0.050855,0.15762926330548485,0.03814125,0.24408909195893314
Retail (General),26,1.2466770513434235,0.1955014547502191,0.09614714436179748,0.09935431038842162,278119.9099999999,27632.411863339876,0.0989299380525086,0.0892820006718982,0.0096479373806104,728871.7328976718,7032.108837493726,0.8816474814252558,0.38283198873816127,0.050855,0.1457769908309445,0.03814125,0.1183525185747442
Retail (Grocery and Food),14,0.4936080595618046,0.14777603490447422,0.06150597073984301,0.0862700641646312,21462.004999999997,1851.5285484516355,0.10989245466725754,0.05313399174546412,0.05675846292179342,56521.99111648252,3208.1013370508103,0.6416828992908759,0.25647926947712857,0.050855,0.1688227598064659,0.03814125,0.35831710070912415
Retail (REITs),28,1.120867766031394,0.06523063162826355,0.09035991723744412,-0.02512928560918057,84524.4,-2124.037788544622,0.04458562834006221,0.06940220471941981,-0.0248165763793576,180918.67137934867,-4489.782026737505,0.6295762349113943,0.20718002005434216,0.045043,0.025315356319942507,0.03378225,0.37042376508860575
Retail (Special Lines),105,1.1814057462278666,0.09643878418310899,0.09314466432648186,0.0032941198566271285,72299.99900000001,238.16486234002156,0.13499345989584943,0.07854015509233994,0.05645330480350949,154307.35707453956,8711.160262352958,0.7344799515998326,0.4400785368755131,0.050855,0.09534737887963377,0.03814125,0.2655200484001674
Rubber& Tires,3,0.674519769567508,-0.0999805523142746,0.06982790940010537,-0.16980846171437997,5142,-873.1551101353418,0.03124092719979871,0.04759209549858379,-0.016351168298785083,14054.496664389906,-229.80744031415293,0.29825944664120585,0.4077252655256018,0.050855,0,0.03814125,0.7017405533587942
Semiconductor,63,1.4952411850835359,0.12611876313091647,0.10758109451384265,0.018537668617073816,388959.904,7210.409805680843,0.11368358391768708,0.10362246070915908,0.010061123208528006,513006.6066332741,5161.422676126232,0.9429918970527875,0.4147143445700453,0.050855,0.048865843574454025,0.03814125,0.05700810294721246
Semiconductor Equip,30,1.5279822074255314,0.3289066823779071,0.10908718154157444,0.21981950083633267,44503.16999999999,9782.664615034453,0.25683632466511935,0.10396731419447477,0.15286901047064458,70041.38797094872,10707.15767110944,0.9278342360745603,0.3704014298865129,0.050855,0.12141951160150626,0.03814125,0.0721657639254397
Shipbuilding & Marine,8,0.8108361418109077,0.07817317702121597,0.07609846252330175,0.002074714497914215,7399.469,15.3517856111668,0.09235139499766344,0.06739026117321822,0.024961133824445217,9001.660678134109,224.69165682915178,0.7705784811058609,0.4507472470693009,0.050855,0.06737789454131676,0.03814125,0.22942151889413903
Shoe,13,1.2915789442240697,0.29903214866474775,0.09821263143430721,0.20081951723044056,22999.4,4618.728404589795,0.24043080830071734,0.09340004827272025,0.1470307600279971,32574.898673664404,4789.5121098238715,0.919885591996084,0.3627990889011926,0.050855,0.11308691110175229,0.03814125,0.08011440800391599
Software (Entertainment),84,1.1083305740238332,0.2325593855621183,0.08978320640509632,0.14277617915702198,403869.62999999995,57662.96264896017,0.19944873406255512,0.08826612748850601,0.1111826065740491,620525.0853364643,68991.59643229235,0.9694385050656324,0.5278932207822914,0.053524,0.051117470447885394,0.040143,0.030561494934367585
Software (Internet),35,1.6160843271745926,-0.1454065112919735,0.11313987905003126,-0.2585463903420048,28399.862999999998,-7342.6820648574585,-0.004810953262445776,0.10592036033474574,-0.11073131359719152,45334.05312597519,-5019.899253324099,0.8930134645020447,0.65221602599035,0.060879,0.026055760534544135,0.04565925,0.10698653549795539
Software (System & Application),351,1.2939647291542515,0.24441835382299518,0.09832237754109557,0.1460959762818996,397835.59000000014,58122.178920735554,0.23224389866710615,0.09492392344119566,0.1373199752259105,551977.6712097155,75797.5601357739,0.9415866198035656,0.5208648982480728,0.053524,0.041899256824647825,0.040143,0.05841338019643433
Steel,29,1.126371725263511,0.22194709191501236,0.0906130993621215,0.13133399255289085,64526.99999999999,8474.588537460388,0.2218083633357043,0.08180079363377206,0.14000756970193223,71465.37088336537,10005.692895227216,0.8320565058126027,0.3810220503199221,0.050855,0.1572176569023777,0.03814125,0.1679434941873973
Telecom (Wireless),13,1.087361359035153,0.09739597751390545,0.08881862251561704,0.00857735499828842,79880.301,685.1616990471335,0.06548378425028921,0.0697940873655997,-0.004310303115310485,182664.70559469337,-787.3402495820794,0.6091568188180125,0.6030586941268392,0.053524,0.09564703506160278,0.040143,0.3908431811819875
Telecom. Equipment,66,1.0805072059156025,0.2455054145923156,0.08850333147211771,0.15700208312019787,65282.66199999998,10249.51392563178,0.2818216189274289,0.08334368336730298,0.19847793556012594,79287.9681765254,15736.912238433726,0.8975489504405949,0.4662214509006452,0.050855,0.06198601490052895,0.03814125,0.10245104955940504
Telecom. Services,42,0.7845047112872219,-0.0034470942023052953,0.07488721671921221,-0.0783343109215175,234506.50100000002,-18369.905162451156,0.11796482606061286,0.05559084195155961,0.062373984109053246,473948.43767089816,29562.052319795213,0.44461620984011296,0.5041671435022144,0.053524,0.06616770784068712,0.040143,0.555383790159887
Transportation,36,1.2585314504520015,0.2826737687263194,0.09669244672079208,0.1859813220055273,61480.381,11434.202535783503,0.15477553498576985,0.08247618556062086,0.07229934942514898,140915.68109451572,10188.112066935253,0.7486047700809036,0.5311913745643302,0.053524,0.06525163243400012,0.040143,0.25139522991909635
Transportation (Railroads),4,1.0172723923008653,0.3167794507858253,0.0855945300458398,0.2311849207399855,38214.6,8834.63927211025,0.142619533616312,0.07464013567456193,0.06797939794175006,104364.49636129846,7094.635629135035,0.7885753268996035,0.2227735820416239,0.045043,0.17280266163132788,0.03378225,0.21142467310039645
Trucking,22,1.1484074577647394,0.12974692001389668,0.09162674305717802,0.038120176956718654,37419,1426.4189015434554,0.12748742307030905,0.08273087282127708,0.04475655024903197,49031.416041152675,2194.4770358270416,0.8336769518719606,0.28328548955431604,0.050855,0.20207990873604598,0.03814125,0.16632304812803944
Utility (General),14,0.5804323081687388,0.11153676746474966,0.06549988617576198,0.04603688128898768,147119.2,6772.909145730837,0.06473139954433985,0.050942219623686315,0.013789179920653531,349037.0033421423,4812.934038050548,0.5410229667997655,0.1492727509573606,0.045043,0.1405010662826639,0.03378225,0.4589770332002346
Utility (Water),13,0.7139634340794939,0.15979158800682636,0.07164231796765672,0.08814927003916964,17109.9,1508.2251954431888,0.08406230914414912,0.06034330788473936,0.023719001259409768,35556.560016781594,843.3660918183216,0.6627268690709837,0.28198719816416,0.050855,0.11091729369959376,0.03814125,0.33727313092901634
Grand Total,6481,1.000223134856211,0.15979158800682636,0.08481026420338571,0.07498132380344065,11173808.59199999,837826.9601544186,0.08406230914414912,0.07001459583784053,0.014047713306308593,26576957.817769557,373345.4839778836,0.6829659117918159,0.42031449597641213,0.050855,0.08346263932826324,0.03814125,0.31703408820818413
Total Market (without financials),5214,1.0975226422471853,0.16592552471920183,0.08928604154337053,0.0766394831758313,8566043.05699999,656497.1127503973,0.1466884216172786,0.07985808270107618,0.06683033891620242,14577190.305961732,974198.568593403,0.815661408370401,0.4700345950094993,0.050855,0.06804899654901593,0.03814125,0.18433859162959904
